"","Tumor_Sample_Barcode","Gene.refGene.2","exon.2","txChange.2","aaChange.2"
"1","DS-1-CL","FLT3","exon20","c.2508_2510del","p.I836del"
"2","DS-1-CL","IL7R","exon8","c.A1066G","p.I356V"
"3","DS-81-CL","EBF1","exon15","c.A1600G","p.S534G"
"4","DS-81-CL","EBF1","exon16","c.A1780G","p.S594G"
"5","DS-81-CL","EBF1","exon16","c.A1777G","p.S593G"
"6","DS-81-CL","EBF1","exon16","c.A1753G","p.S585G"
"7","DS-81-CL","EBF1","exon16","c.A1666G","p.S556G"
"8","DS-76-CL","PAX5","exon7","c.G797A","p.G266E"
"9","DS-76-CL","PAX5","exon4","c.267dupC","p.K90Qfs*45"
"10","DS-76-CL","PAX5","exon4","c.393dupC","p.K132Qfs*45"
"11","DS-76-CL","PAX5","exon5","c.591dupC","p.K198Qfs*45"
"12","DS-76-CL","JAK2","exon13","c.A1600G","p.R534G"
"13","DS-76-CL","JAK2","exon15","c.A2047G","p.R683G"
"14","DS-76-CL","JAK2","exon16","c.A2047G","p.R683G"
"15","DS-76-CL","JAK2","exon16","c.A832G","p.R278G"
"16","DS-81-CL","JAK2","exon6","c.759delC","p.P254Qfs*11"
"17","DS-81-CL","JAK2","exon8","c.1206delC","p.P403Qfs*11"
"18","DS-81-CL","JAK2","exon9","c.1206delC","p.P403Qfs*11"
"19","DS-81-CL","JAK2","exon6","c.C760T","p.P254S"
"20","DS-81-CL","JAK2","exon8","c.C1207T","p.P403S"
"21","DS-81-CL","JAK2","exon9","c.C1207T","p.P403S"
"22","DS-76-CL","ABL1","exon8","c.G1418A","p.R473Q"
"23","DS-76-CL","ABL1","exon8","c.G1475A","p.R492Q"
"24","DS-76-CL","ABL2","exon1","c.T58C","p.S20P"
"25","DS-76-CL","CRLF2","exon6","c.T442C","p.F148L"
"26","DS-76-CL","CRLF2","exon7","c.T778C","p.F260L"
"27","DS-76-CL","CRLF2","exon6","c.A437G","p.K146R"
"28","DS-76-CL","CRLF2","exon7","c.A773G","p.K258R"
"29","DS-1-CL","EPOR","exon8","c.A1460G","p.N487S"
"30","DS-1-CL","EPOR","exon8","c.C1004T","p.S335L"
"31","DS-76-CL","EPOR","exon7","c.C859T","p.P287S"
"32","DS-81-CL","NRAS","exon2","c.G38C","p.G13A"
"33","DS-81-CL","NRAS","exon2","c.G37C","p.G13R"
"34","DS-76-CL","KRAS","exon2","c.G38A","p.G13D"
"35","DS-1-CL","TP53","exon3","c.A320G","p.N107S"
"36","DS-1-CL","TP53","exon3","c.A239G","p.N80S"
"37","DS-1-CL","TP53","exon6","c.A599G","p.N200S"
"38","DS-1-CL","TP53","exon7","c.A716G","p.N239S"
"39","DS-1-CL","TP53","exon7","c.A599G","p.N200S"
"40","DS-1-CL","TP53","exon3","c.A311G","p.Y104C"
"41","DS-1-CL","TP53","exon3","c.A230G","p.Y77C"
"42","DS-1-CL","TP53","exon6","c.A590G","p.Y197C"
"43","DS-1-CL","TP53","exon7","c.A707G","p.Y236C"
"44","DS-1-CL","TP53","exon7","c.A590G","p.Y197C"
"45","DS-81-CL","TP53","exon3","c.A305G","p.Y102C"
"46","DS-81-CL","TP53","exon3","c.A224G","p.Y75C"
"47","DS-81-CL","TP53","exon6","c.A584G","p.Y195C"
"48","DS-81-CL","TP53","exon7","c.A701G","p.Y234C"
"49","DS-81-CL","TP53","exon7","c.A584G","p.Y195C"
"50","DS-1-CL","CREBBP","exon25","c.G4223A","p.R1408H"
"51","DS-1-CL","CREBBP","exon26","c.G4337A","p.R1446H"
"52","DS-81-CL","CREBBP","exon22","c.G3847A","p.E1283K"
"53","DS-81-CL","CREBBP","exon23","c.G3961A","p.E1321K"
"54","DS-1-CL","CEBPA","exon1","c.C358T","p.P120S"
"55","DS-1-CL","CEBPA","exon1","c.C820T","p.P274S"
"56","DS-1-CL","CEBPA","exon1","c.C673T","p.P225S"
"57","DS-1-CL","CEBPA","exon1","c.C715T","p.P239S"
"58","DS-81-CL","CEBPA","exon1","c.198_209del","p.P67_P70del"
"59","DS-81-CL","CEBPA","exon1","c.660_671del","p.P221_P224del"
"60","DS-81-CL","CEBPA","exon1","c.513_524del","p.P172_P175del"
"61","DS-81-CL","CEBPA","exon1","c.555_566del","p.P186_P189del"
"62","DS-81-CL","CEBPD","exon1","c.C797T","p.A266V"
"63","DS-81-CL","CEBPE","exon2","c.A670G","p.K224E"
"64","DS-76-CL","CEBPE","exon2","c.T518A","p.L173X"
"65","DS-1-CL","KMT2A","exon8","c.G4081A","p.E1361K"
"66","DS-1-CL","KMT2A","exon27","c.9308dupA","p.I3105Nfs*8"
"67","DS-1-CL","KMT2A","exon27","c.9299dupA","p.I3102Nfs*8"
"68","DS-76-CL","KMT2A","exon3","c.1201_1202del","p.Q402Gfs*21"
"69","DS-76-CL","KMT2A","exon3","c.2782dupA","p.A930Sfs*11"
"70","DS-81-CL","KMT2A","exon1","c.C158T","p.A53V"
"71","DS-81-CL","KMT2A","exon3","c.760dupA","p.I256Nfs*2"
"72","DS-81-CL","KMT2A","exon3","c.G1027A","p.E343K"
"73","DS-81-CL","KMT2A","exon3","c.1630dupA","p.L546Ifs*35"
"74","DS-76-CL","VPREB1","exon2","c.G391A","p.E131K"
"75","DS-76-CL","VPREB1","exon2","c.G394A","p.E132K"
