"","CHROM","POS","ID","REF","ALT","QUAL","FILTER","FORMAT","X76_C_S47"
"1","chr1","15015",NA,"G","C","143.64","PASS","GT:AD:DP:GQ:PL","0/1:16,7:23:99:151,0,464"
"2","chr1","15817",NA,"G","T","321.64","SnpCluster","GT:AD:DP:GQ:PL","0/1:7,13:20:99:329,0,221"
"3","chr1","15820",NA,"G","T","599.64","SnpCluster","GT:AD:DP:GQ:PL","0/1:4,16:20:39:607,0,39"
"4","chr1","15844",NA,"T","C","40.64","SnpCluster","GT:AD:DP:GQ:PL","0/1:12,3:15:48:48,0,312"
"5","chr1","16631",NA,"T","C","41.64","PASS","GT:AD:DP:GQ:PL","0/1:2,2:4:49:49,0,53"
"6","chr1","16688",NA,"G","A","37.64","PASS","GT:AD:DP:GQ:PL","0/1:4,2:6:45:45,0,107"
"7","chr1","16949",NA,"A","C","63.64","SnpCluster","GT:AD:DP:GQ:PL","0/1:14,4:18:71:71,0,401"
"8","chr1","16963",NA,"G","A","49.64","SnpCluster","GT:AD:DP:GQ:PL","0/1:15,3:18:57:57,0,617"
"9","chr1","16974",NA,"C","T","40.64","SnpCluster","GT:AD:DP:GQ:PL","0/1:14,3:17:48:48,0,475"
"10","chr1","16996",NA,"T","C","112.64","SnpCluster","GT:AD:DP:GQ:PL","0/1:12,6:18:99:120,0,399"
"11","chr1","17365",NA,"C","G","138.64","PASS","GT:AD:DP:GQ:PL","0/1:23,7:30:99:146,0,595"
"12","chr1","17722",NA,"A","G","189.64","PASS","GT:AD:DP:GQ:PL","0/1:11,7:18:99:197,0,392"
"13","chr1","17730",NA,"C","A","189.64","PASS","GT:AD:DP:GQ:PL","0/1:11,7:18:99:197,0,392"
"14","chr1","18030",NA,"C","T","158.64","PASS","GT:AD:DP:GQ:PL","0/1:4,6:10:93:166,0,93"
"15","chr1","24832",NA,"A","G","346.64","PASS","GT:AD:DP:GQ:PL","0/1:15,13:28:99:354,0,352"
"16","chr1","89923",NA,"A","T","37.32","PASS","GT:AD:DP:GQ:PL","1/1:0,2:2:6:49,6,0"
"17","chr1","185220",NA,"G","C","68.64","QD;SnpCluster","GT:AD:DP:GQ:PL","0/1:30,7:37:76:76,0,704"
"18","chr1","185237",NA,"C","T","40.64","QD;SnpCluster","GT:AD:DP:GQ:PL","0/1:40,4:44:48:48,0,1618"
"19","chr1","185244",NA,"C","G","37.64","QD;SnpCluster","GT:AD:DP:GQ:PL","0/1:41,4:45:45:45,0,1708"
"20","chr1","185248",NA,"G","A","43.64","QD;SnpCluster","GT:AD:DP:GQ:PL","0/1:39,4:43:51:51,0,1624"
"21","chr1","185336",NA,"C","T","143.64","PASS","GT:AD:DP:GQ:PL","0/1:43,11:54:99:151,0,1069"
"22","chr1","185536",NA,"G","C","220.64","PASS","GT:AD:DP:GQ:PL","0/1:25,13:38:99:228,0,629"
"23","chr1","186365",NA,"T","C","669.64","PASS","GT:AD:DP:GQ:PL","0/1:30,35:65:99:677,0,635"
"24","chr1","187153",NA,"T","C","105.64","PASS","GT:AD:DP:GQ:PL","0/1:7,6:13:99:113,0,142"
"25","chr1","187485",NA,"G","A","2672.64","SnpCluster","GT:AD:DP:GQ:PL","0/1:21,98:119:99:2680,0,379"
"26","chr1","187497",NA,"G","A","135.64","QD;SnpCluster","GT:AD:DP:GQ:PL","0/1:96,18:114:99:143,0,2673"
"27","chr1","187499",NA,"A","G","42.64","QD;SnpCluster","GT:AD:DP:GQ:PL","0/1:105,10:115:50:50,0,4087"
"28","chr1","187887",NA,"C","G","133.64","PASS","GT:AD:DP:GQ:PL","0/1:17,7:24:99:141,0,471"
"29","chr1","188246",NA,"A","G","97.64","PASS","GT:AD:DP:GQ:PL","0/1:21,4:25:99:105,0,817"
"30","chr1","188254",NA,"C","A","97.64","PASS","GT:AD:DP:GQ:PL","0/1:21,4:25:99:105,0,817"
"31","chr1","188485",NA,"T","TG","47.6","PASS","GT:AD:DP:GQ:PL","0/1:16,3:19:55:55,0,557"
"32","chr1","188553",NA,"C","T","134.64","PASS","GT:AD:DP:GQ:PL","0/1:12,6:18:99:142,0,301"
"33","chr1","188891",NA,"T","C","162.64","PASS","GT:AD:DP:GQ:PL","0/1:5,8:13:99:170,0,129"
"34","chr1","195357",NA,"G","A","99.64","PASS","GT:AD:DP:GQ:PL","0/1:14,5:19:99:107,0,376"
"35","chr1","258842",NA,"C","T","46.64","PASS","GT:AD:DP:GQ:PL","0/1:6,2:8:54:54,0,246"
"36","chr1","258847",NA,"A","C","46.64","PASS","GT:AD:DP:GQ:PL","0/1:6,2:8:54:54,0,246"
"37","chr1","258952",NA,"T","C","20.64","PASS","GT:AD:DP:GQ:PL","0/1:5,2:7:28:28,0,109"
"38","chr1","258966",NA,"G","A","157.96","PASS","GT:AD:DP:GQ:PL","1/1:0,5:5:15:172,15,0"
"39","chr1","268777",NA,"C","G","37.32","PASS","GT:AD:DP:GQ:PL","1/1:0,2:2:6:49,6,0"
"40","chr1","348135",NA,"C","CGA","58.6","PASS","GT:AD:DP:GQ:PL","0/1:6,2:8:66:66,0,246"
"41","chr1","348136",NA,"AGT","A","58.6","PASS","GT:AD:DP:GQ:PL","0/1:6,2:8:66:66,0,246"
"42","chr1","348178",NA,"G","C","58.64","PASS","GT:AD:DP:GQ:PL","0/1:2,4:6:44:66,0,44"
"43","chr1","348199",NA,"TTGA","T","112.6","PASS","GT:AD:DP:GQ:PL","0/1:2,3:5:75:120,0,75"
"44","chr1","348301",NA,"G","A","46.64","PASS","GT:AD:DP:GQ:PL","0/1:2,2:4:37:54,0,37"
"45","chr1","494511",NA,"T","C","151.96","PASS","GT:AD:DP:GQ:PL","1/1:0,5:5:15:166,15,0"
"46","chr1","494547",NA,"C","T","184.64","PASS","GT:AD:DP:GQ:PL","0/1:6,5:11:99:192,0,226"
"47","chr1","494558",NA,"C","T","264.64","PASS","GT:AD:DP:GQ:PL","0/1:6,8:14:99:272,0,217"
"48","chr1","494584",NA,"G","T","43.64","PASS","GT:AD:DP:GQ:PL","0/1:11,2:13:51:51,0,434"
"49","chr1","494596",NA,"C","T","43.64","PASS","GT:AD:DP:GQ:PL","0/1:11,2:13:51:51,0,434"
"50","chr1","629218",NA,"A","G","3529.06","PASS","GT:AD:DP:GQ:PL","1/1:0,143:143:99:3543,428,0"
"51","chr1","629274",NA,"G","A","7755.06","PASS","GT:AD:DP:GQ:PL","1/1:8,323:331:99:7769,792,0"
"52","chr1","629906",NA,"C","T","1022.64","PASS","GT:AD:DP:GQ:PL","0/1:37,58:95:99:1030,0,644"
"53","chr1","629925",NA,"T","C","6333.06","PASS","GT:AD:DP:GQ:PL","1/1:0,228:228:99:6347,679,0"
"54","chr1","629990",NA,"G","A","6101.06","PASS","GT:AD:DP:GQ:PL","1/1:0,208:208:99:6115,621,0"
"55","chr1","630026",NA,"C","T","1034.64","PASS","GT:AD:DP:GQ:PL","0/1:10,39:49:99:1042,0,155"
"56","chr1","630074",NA,"T","C","422.06","PASS","GT:AD:DP:GQ:PL","1/1:0,10:10:30:436,30,0"
"57","chr1","630084",NA,"T","C","301.02","PASS","GT:AD:DP:GQ:PL","1/1:0,7:7:21:315,21,0"
"58","chr1","630110",NA,"T","C","133.97","PASS","GT:AD:DP:GQ:PL","1/1:0,6:6:18:148,18,0"
"59","chr1","630161",NA,"A","G","37.32","PASS","GT:AD:DP:GQ:PL","1/1:0,2:2:6:49,6,0"
"60","chr1","630211",NA,"C","T","2440.06","PASS","GT:AD:DP:GQ:PL","1/1:0,93:93:99:2454,279,0"
"61","chr1","630317",NA,"A","G","9071.06","PASS","GT:AD:DP:GQ:PL","1/1:4,374:378:99:9085,1030,0"
"62","chr1","630490",NA,"T","C","423.64","PASS","GT:AD:DP:GQ:PL","0/1:6,22:28:65:431,0,65"
"63","chr1","630521",NA,"G","A","350.06","PASS","GT:AD:DP:GQ:PL","1/1:0,13:13:39:364,39,0"
"64","chr1","630557",NA,"T","C","463.06","PASS","GT:AD:DP:GQ:PL","1/1:0,16:16:48:477,48,0"
"65","chr1","630596",NA,"C","T","413.06","PASS","GT:AD:DP:GQ:PL","1/1:0,14:14:42:427,42,0"
"66","chr1","630641",NA,"A","G","265.04","SnpCluster","GT:AD:DP:GQ:PL","1/1:0,8:8:24:279,24,0"
"67","chr1","630644",NA,"G","A","265.04","SnpCluster","GT:AD:DP:GQ:PL","1/1:0,8:8:24:279,24,0"
"68","chr1","630668",NA,"G","A","29.64","SnpCluster","GT:AD:DP:GQ:PL","0/1:2,2:4:37:37,0,37"
"69","chr1","630683",NA,"G","A","29.64","PASS","GT:AD:DP:GQ:PL","0/1:2,2:4:37:37,0,37"
"70","chr1","631193",NA,"A","G","7550.06","PASS","GT:AD:DP:GQ:PL","1/1:20,328:348:99:7564,447,0"
"71","chr1","631391",NA,"C","T","2416.64","PASS","GT:AD:DP:GQ:PL","0/1:117,126:243:99:2424,0,2209"
"72","chr1","631412",NA,"T","C","3852.06","PASS","GT:AD:DP:GQ:PL","1/1:0,151:151:99:3866,452,0"
"73","chr1","631436",NA,"C","A","3412.06","PASS","GT:AD:DP:GQ:PL","1/1:0,138:138:99:3426,413,0"
"74","chr1","631469",NA,"G","A","3353.06","PASS","GT:AD:DP:GQ:PL","1/1:0,137:137:99:3367,409,0"
"75","chr1","631536",NA,"A","G","2069.06","PASS","GT:AD:DP:GQ:PL","1/1:0,48:48:99:2083,144,0"
"76","chr1","631553",NA,"A","G","2019.06","PASS","GT:AD:DP:GQ:PL","1/1:0,46:46:99:2033,138,0"
"77","chr1","631580",NA,"T","C","1160.06","PASS","GT:AD:DP:GQ:PL","1/1:0,39:39:99:1174,117,0"
"78","chr1","631622",NA,"T","C","2357.06","SnpCluster","GT:AD:DP:GQ:PL","1/1:0,53:53:99:2371,160,0"
"79","chr1","631643",NA,"C","T","2595.06","SnpCluster","GT:AD:DP:GQ:PL","1/1:0,58:58:99:2609,175,0"
"80","chr1","631653",NA,"T","C","1505.06","SnpCluster","GT:AD:DP:GQ:PL","1/1:2,52:54:99:1519,112,0"
"81","chr1","631682",NA,"C","T","3617.06","PASS","GT:AD:DP:GQ:PL","1/1:2,137:139:99:3631,367,0"
"82","chr1","631712",NA,"T","C","3818.06","PASS","GT:AD:DP:GQ:PL","1/1:0,147:147:99:3832,440,0"
"83","chr1","631739",NA,"A","C","11013.06","PASS","GT:AD:DP:GQ:PL","1/1:0,259:259:99:11027,779,0"
"84","chr1","631811",NA,"C","T","18772.06","PASS","GT:AD:DP:GQ:PL","1/1:4,638:642:99:18786,1822,0"
"85","chr1","631862",NA,"G","A","23283.06","PASS","GT:AD:DP:GQ:PL","1/1:69,845:914:99:23297,1004,0"
"86","chr1","632106",NA,"T","C","8559.06","PASS","GT:AD:DP:GQ:PL","1/1:10,201:211:99:8573,185,0"
"87","chr1","632109",NA,"T","C","8482.06","PASS","GT:AD:DP:GQ:PL","1/1:12,201:213:99:8496,114,0"
"88","chr1","632199",NA,"C","T","1349.06","PASS","GT:AD:DP:GQ:PL","1/1:0,51:51:99:1363,153,0"
"89","chr1","632317",NA,"G","A","6230.64","PASS","GT:AD:DP:GQ:PL","0/1:45,299:344:99:6238,0,149"
"90","chr1","632403",NA,"T","C","1752.06","SnpCluster","GT:AD:DP:GQ:PL","1/1:0,41:41:99:1766,123,0"
"91","chr1","632412",NA,"A","G","1725.06","SnpCluster","GT:AD:DP:GQ:PL","1/1:0,40:40:99:1739,120,0"
"92","chr1","632427",NA,"T","C","1282.06","SnpCluster","GT:AD:DP:GQ:PL","1/1:0,51:51:99:1296,152,0"
"93","chr1","632487",NA,"A","G","15016.06","PASS","GT:AD:DP:GQ:PL","1/1:5,615:620:99:15030,1721,0"
"94","chr1","632821",NA,"T","C","57.64","PASS","GT:AD:DP:GQ:PL","0/1:2,3:5:34:65,0,34"
"95","chr1","632876",NA,"C","T","779.64","PASS","GT:AD:DP:GQ:PL","0/1:13,35:48:99:787,0,208"
"96","chr1","632891",NA,"A","C","2054.06","PASS","GT:AD:DP:GQ:PL","1/1:0,57:57:99:2068,171,0"
"97","chr1","632981",NA,"T","C","2171.06","PASS","GT:AD:DP:GQ:PL","1/1:5,93:98:99:2185,144,0"
"98","chr1","633039",NA,"T","C","9913.06","PASS","GT:AD:DP:GQ:PL","1/1:2,225:227:99:9927,634,0"
"99","chr1","633062",NA,"T","C","12530.06","PASS","GT:AD:DP:GQ:PL","1/1:0,280:280:99:12544,842,0"
"100","chr1","633083",NA,"A","G","13583.06","PASS","GT:AD:DP:GQ:PL","1/1:0,316:316:99:13597,950,0"
"101","chr1","633192",NA,"G","A","3540.06","PASS","GT:AD:DP:GQ:PL","1/1:3,144:147:99:3554,366,0"
"102","chr1","633236",NA,"A","G","3367.06","PASS","GT:AD:DP:GQ:PL","1/1:0,134:134:99:3381,401,0"
"103","chr1","633311",NA,"T","C","2574.06","SnpCluster","GT:AD:DP:GQ:PL","1/1:0,59:59:99:2588,177,0"
"104","chr1","633323",NA,"A","G","2461.06","SnpCluster","GT:AD:DP:GQ:PL","1/1:0,55:55:99:2475,166,0"
"105","chr1","633338",NA,"C","T","2551.06","SnpCluster","GT:AD:DP:GQ:PL","1/1:0,57:57:99:2565,172,0"
"106","chr1","633372",NA,"T","C","67.32","PASS","GT:AD:DP:GQ:PL","1/1:0,2:2:6:79,6,0"
"107","chr1","633561",NA,"A","G","85.14","PASS","GT:AD:DP:GQ:PL","1/1:0,4:4:12:99,12,0"
"108","chr1","633624",NA,"T","C","506.05","PASS","GT:AD:DP:GQ:PL","1/1:2,24:26:28:520,28,0"
"109","chr1","633630",NA,"T","C","1138.06","PASS","GT:AD:DP:GQ:PL","1/1:0,28:28:84:1152,84,0"
"110","chr1","633672",NA,"C","T","3514.06","PASS","GT:AD:DP:GQ:PL","1/1:2,145:147:99:3528,390,0"
"111","chr1","633714",NA,"A","G","9583.06","PASS","GT:AD:DP:GQ:PL","1/1:3,354:357:99:9597,1024,0"
"112","chr1","633824",NA,"T","C","9142.06","PASS","GT:AD:DP:GQ:PL","1/1:0,221:221:99:9156,666,0"
"113","chr1","633846",NA,"C","A","13134.06","PASS","GT:AD:DP:GQ:PL","1/1:2,307:309:99:13148,880,0"
"114","chr1","633870",NA,"G","A","13831.06","PASS","GT:AD:DP:GQ:PL","1/1:2,334:336:99:13845,947,0"
"115","chr1","633887",NA,"G","A","12369.06","PASS","GT:AD:DP:GQ:PL","1/1:7,458:465:99:12383,1221,0"
"116","chr1","634112",NA,"T","C","36777.06","PASS","GT:AD:DP:GQ:PL","1/1:17,1174:1191:99:36791,3135,0"
"117","chr1","634229",NA,"A","C","6094.06","PASS","GT:AD:DP:GQ:PL","1/1:23,177:200:66:6108,66,0"
"118","chr1","634244",NA,"T","C","7362.06","PASS","GT:AD:DP:GQ:PL","1/1:3,210:213:99:7376,579,0"
"119","chr1","634337",NA,"T","C","8189.06","PASS","GT:AD:DP:GQ:PL","1/1:0,321:321:99:8203,961,0"
"120","chr1","634423",NA,"G","A","5110.06","PASS","GT:AD:DP:GQ:PL","1/1:2,185:187:99:5124,510,0"
"121","chr1","634494",NA,"C","T","14985.06","PASS","GT:AD:DP:GQ:PL","1/1:0,344:344:99:14999,1035,0"
"122","chr1","634498",NA,"C","G","13553.06","PASS","GT:AD:DP:GQ:PL","1/1:2,325:327:99:13567,933,0"
"123","chr1","634603",NA,"G","A","5094.06","PASS","GT:AD:DP:GQ:PL","1/1:14,214:228:99:5108,334,0"
"124","chr1","634696",NA,"T","C","6387.06","SnpCluster","GT:AD:DP:GQ:PL","1/1:2,248:250:99:6401,698,0"
"125","chr1","634699",NA,"C","T","10869.06","SnpCluster","GT:AD:DP:GQ:PL","1/1:0,250:250:99:10883,752,0"
"126","chr1","634709",NA,"C","T","5147.06","SnpCluster","GT:AD:DP:GQ:PL","1/1:4,217:221:99:5161,560,0"
"127","chr1","634714",NA,"G","A","10331.06","SnpCluster","GT:AD:DP:GQ:PL","1/1:0,230:230:99:10345,692,0"
"128","chr1","634717",NA,"A","G","10331.06","SnpCluster","GT:AD:DP:GQ:PL","1/1:0,230:230:99:10345,692,0"
"129","chr1","634798",NA,"G","A","4488.06","PASS","GT:AD:DP:GQ:PL","1/1:11,190:201:99:4502,345,0"
"130","chr1","726649",NA,"G","A","81.84","PASS","GT:AD:DP:GQ:PL","1/1:0,3:3:9:95,9,0"
"131","chr1","727162",NA,"T","C","78.32","PASS","GT:AD:DP:GQ:PL","1/1:0,2:2:6:90,6,0"
"132","chr1","727164",NA,"T","C","78.32","PASS","GT:AD:DP:GQ:PL","1/1:0,2:2:6:90,6,0"
"133","chr1","727717",NA,"G","C","85.14","PASS","GT:AD:DP:GQ:PL","1/1:0,4:4:12:99,12,0"
"134","chr1","729454",NA,"T","G","56.64","PASS","GT:AD:DP:GQ:PL","0/1:3,3:6:64:64,0,64"
"135","chr1","758994",NA,"T","C","23.64","PASS","GT:AD:DP:GQ:PL","0/1:4,2:6:31:31,0,97"
"136","chr1","759042",NA,"T","G","32.64","PASS","GT:AD:DP:GQ:PL","0/1:1,2:3:24:40,0,24"
"137","chr1","765133",NA,"CA","C","26.6","PASS","GT:AD:DP:GQ:PL","0/1:2,2:4:32:34,0,32"
"138","chr1","778406",NA,"G","GGCT","46.6","PASS","GT:AD:DP:GQ:PL","0/1:10,2:12:54:54,0,408"
"139","chr1","778440",NA,"G","A","49.64","PASS","GT:AD:DP:GQ:PL","0/1:9,2:11:57:57,0,363"
"140","chr1","778441",NA,"C","A","49.64","PASS","GT:AD:DP:GQ:PL","0/1:9,2:11:57:57,0,363"
"141","chr1","778505",NA,"G","C","61.64","PASS","GT:AD:DP:GQ:PL","0/1:5,2:7:69:69,0,196"
"142","chr1","778509",NA,"C","T","64.64","PASS","GT:AD:DP:GQ:PL","0/1:4,2:6:72:72,0,162"
"143","chr1","792936",NA,"C","A","37.32","PASS","GT:AD:DP:GQ:PL","1/1:0,2:2:6:49,6,0"
"144","chr1","792949",NA,"A","G","37.32","PASS","GT:AD:DP:GQ:PL","1/1:0,2:2:6:49,6,0"
"145","chr1","817455",NA,"A","G","20.64","PASS","GT:AD:DP:GQ:PL","0/1:5,2:7:28:28,0,111"
"146","chr1","817514",NA,"T","C","93.14","PASS","GT:AD:DP:GQ:PL","1/1:0,4:4:12:107,12,0"
"147","chr1","818025",NA,"C","A","176.02","PASS","GT:AD:DP:GQ:PL","1/1:0,7:7:21:190,21,0"
"148","chr1","818045",NA,"T","C","212.04","PASS","GT:AD:DP:GQ:PL","1/1:0,8:8:24:226,24,0"
"149","chr1","818094",NA,"C","G","481.06","PASS","GT:AD:DP:GQ:PL","1/1:0,20:20:60:495,60,0"
"150","chr1","826965",NA,"A","G","53.64","PASS","GT:AD:DP:GQ:PL","0/1:2,3:5:34:61,0,34"
"151","chr1","827209",NA,"G","C","526.06","SnpCluster","GT:AD:DP:GQ:PL","1/1:0,12:12:36:540,36,0"
"152","chr1","827212",NA,"C","G","551.06","SnpCluster","GT:AD:DP:GQ:PL","1/1:0,13:13:39:565,39,0"
"153","chr1","827221",NA,"T","C","551.06","SnpCluster","GT:AD:DP:GQ:PL","1/1:0,13:13:39:565,39,0"
"154","chr1","827252",NA,"T","A","359.06","PASS","GT:AD:DP:GQ:PL","1/1:0,14:14:42:373,42,0"
"155","chr1","827457",NA,"TG","T","58.6","PASS","GT:AD:DP:GQ:PL","0/1:1,2:3:28:66,0,28"
"156","chr1","841742",NA,"A","T","437.06","PASS","GT:AD:DP:GQ:PL","1/1:0,15:15:45:451,45,0"
"157","chr1","842922",NA,"C","CCT","1200.03","PASS","GT:AD:DP:GQ:PL","1/1:0,30:30:90:1214,90,0"
"158","chr1","843189",NA,"A","G","364.06","PASS","GT:AD:DP:GQ:PL","1/1:0,15:15:45:378,45,0"
"159","chr1","844392",NA,"A","T","29.64","PASS","GT:AD:DP:GQ:PL","0/1:2,2:4:37:37,0,37"
"160","chr1","844763",NA,"AG","A","59.28","PASS","GT:AD:DP:GQ:PL","1/1:0,2:2:6:71,6,0"
"161","chr1","844841",NA,"A","G","37.32","PASS","GT:AD:DP:GQ:PL","1/1:0,2:2:6:49,6,0"
"162","chr1","845405",NA,"T","A","37.32","PASS","GT:AD:DP:GQ:PL","1/1:0,2:2:6:49,6,0"
"163","chr1","848661",NA,"T","C","37.32","PASS","GT:AD:DP:GQ:PL","1/1:0,2:2:6:49,6,0"
"164","chr1","848969",NA,"A","G","26.64","PASS","GT:AD:DP:GQ:PL","0/1:3,2:5:34:34,0,67"
"165","chr1","851639",NA,"C","T","37.32","PASS","GT:AD:DP:GQ:PL","1/1:0,2:2:6:49,6,0"
"166","chr1","851953",NA,"T","C","20.64","PASS","GT:AD:DP:GQ:PL","0/1:5,2:7:28:28,0,137"
"167","chr1","852019",NA,"G","T","274.06","PASS","GT:AD:DP:GQ:PL","1/1:0,11:11:33:288,33,0"
"168","chr1","853565",NA,"G","C","1083.32","PASS","GT:AD:DP:GQ:PL","1/1:7,27:34:6:1095,6,0"
"169","chr1","853572",NA,"G","A","1083.32","PASS","GT:AD:DP:GQ:PL","1/1:7,27:34:6:1095,6,0"
"170","chr1","855316",NA,"C","CAT","255.93","PASS","GT:AD:DP:GQ:PL","1/1:0,6:6:18:270,18,0"
"171","chr1","855378",NA,"GTA","G","210.92","PASS","GT:AD:DP:GQ:PL","1/1:0,5:5:15:225,15,0"
"172","chr1","856883",NA,"A","G","210.04","PASS","GT:AD:DP:GQ:PL","1/1:0,8:8:24:224,24,0"
"173","chr1","857100",NA,"C","T","147.97","PASS","GT:AD:DP:GQ:PL","1/1:0,6:6:18:162,18,0"
"174","chr1","858049",NA,"T","C","37.32","PASS","GT:AD:DP:GQ:PL","1/1:0,2:2:6:49,6,0"
"175","chr1","913365",NA,"C","T","37.32","PASS","GT:AD:DP:GQ:PL","1/1:0,2:2:6:49,6,0"
"176","chr1","914838",NA,"T","A","37.32","PASS","GT:AD:DP:GQ:PL","1/1:0,2:2:6:49,6,0"
"177","chr1","944296",NA,"G","A","1404.06","PASS","GT:AD:DP:GQ:PL","1/1:0,59:59:99:1418,172,0"
"178","chr1","944307",NA,"T","C","1608.06","PASS","GT:AD:DP:GQ:PL","1/1:0,62:62:99:1622,185,0"
"179","chr1","946247",NA,"G","A","3700.64","PASS","GT:AD:DP:GQ:PL","0/1:127,162:289:99:3708,0,2646"
"180","chr1","952421",NA,"A","G","2469.06","PASS","GT:AD:DP:GQ:PL","1/1:0,87:87:99:2483,261,0"
"181","chr1","953259",NA,"T","C","3563.06","PASS","GT:AD:DP:GQ:PL","1/1:0,134:134:99:3577,401,0"
"182","chr1","953279",NA,"T","C","3806.06","PASS","GT:AD:DP:GQ:PL","1/1:0,144:144:99:3820,431,0"
"183","chr1","954258",NA,"G","C","392.06","PASS","GT:AD:DP:GQ:PL","1/1:0,16:16:48:406,48,0"
"184","chr1","954333",NA,"C","A","788.06","PASS","GT:AD:DP:GQ:PL","1/1:0,29:29:87:802,87,0"
"185","chr1","957278",NA,"G","A","26.64","PASS","GT:AD:DP:GQ:PL","0/1:3,2:5:34:34,0,63"
"186","chr1","957365",NA,"G","A","85.14","PASS","GT:AD:DP:GQ:PL","1/1:0,4:4:12:99,12,0"
"187","chr1","957671",NA,"G","A","23.64","PASS","GT:AD:DP:GQ:PL","0/1:4,2:6:31:31,0,81"
"188","chr1","957821",NA,"TC","T","43.6","PASS","GT:AD:DP:GQ:PL","0/1:8,2:10:51:51,0,293"
"189","chr1","957900",NA,"G","A","250.06","PASS","GT:AD:DP:GQ:PL","1/1:0,10:10:30:264,30,0"
"190","chr1","958081",NA,"TC","T","96.2","PASS","GT:AD:DP:GQ:PL","1/1:1,5:6:8:109,8,0"
"191","chr1","958251",NA,"A","G","37.32","PASS","GT:AD:DP:GQ:PL","1/1:0,2:2:6:49,6,0"
"192","chr1","958690",NA,"T","C","24.64","PASS","GT:AD:DP:GQ:PL","0/1:4,2:6:32:32,0,66"
"193","chr1","958830",NA,"T","C","29.64","PASS","GT:AD:DP:GQ:PL","0/1:2,2:4:37:37,0,37"
"194","chr1","960684",NA,"C","G","85.14","PASS","GT:AD:DP:GQ:PL","1/1:0,4:4:12:99,12,0"
"195","chr1","961945",NA,"G","C","585.06","PASS","GT:AD:DP:GQ:PL","1/1:0,21:21:63:599,63,0"
"196","chr1","962162",NA,"T","C","26.64","PASS","GT:AD:DP:GQ:PL","0/1:3,2:5:34:34,0,68"
"197","chr1","962184",NA,"T","C","207.02","PASS","GT:AD:DP:GQ:PL","1/1:0,7:7:21:221,21,0"
"198","chr1","962350",NA,"C","T","58.64","PASS","GT:AD:DP:GQ:PL","0/1:2,3:5:34:66,0,34"
"199","chr1","965565",NA,"CG","C","49.6","PASS","GT:AD:DP:GQ:PL","0/1:2,2:4:55:57,0,55"
"200","chr1","965592",NA,"T","G","37.32","PASS","GT:AD:DP:GQ:PL","1/1:0,2:2:6:49,6,0"
